rep_id,side,start_idx,peak_idx,end_idx,start_frame,peak_frame,end_frame,start_time,peak_time,end_time,rep_duration,rom_deg,elbow_start_deg,elbow_peak_deg,mean_vis_arm
0,LEFT,23,62,80,23,62,80,0.7666666666666667,2.066666666666667,2.6666666666666665,1.9,103.12045308819364,140.32578007945227,37.20532699125862,0.9780563027009197
1,LEFT,137,155,171,137,155,171,4.566666666666666,5.166666666666667,5.7,1.1333333333333337,79.36254268069433,133.52137394300846,54.15883126231413,0.9910445258730936
2,LEFT,171,184,202,171,184,202,5.7,6.133333333333334,6.733333333333333,1.0333333333333332,74.41056784443376,129.12583544596862,54.71526760153486,0.9883713933328787
3,LEFT,202,225,308,202,225,308,6.733333333333333,7.5,10.266666666666667,3.533333333333334,78.55276719231495,127.96620744666372,49.41344025434878,0.990391025662051
4,LEFT,308,336,353,308,336,353,10.266666666666667,11.2,11.766666666666667,1.5,90.36504674144295,128.5515359999563,38.18648925851333,0.9861548266549041
5,LEFT,353,369,384,353,369,384,11.766666666666667,12.3,12.8,1.0333333333333332,73.19432297691552,128.78632563200748,55.59200265509195,0.9848256806532543
6,LEFT,384,404,447,384,404,447,12.8,13.466666666666669,14.9,2.0999999999999996,87.09558597381832,125.73607861363202,38.64049263981371,0.9895178806036711
