rep_id,side,start_idx,peak_idx,end_idx,start_frame,peak_frame,end_frame,start_time,peak_time,end_time,rep_duration,rom_deg,elbow_start_deg,elbow_peak_deg,mean_vis_arm
0,LEFT,29,35,64,29,35,64,0.9666666666666668,1.1666666666666667,2.1333333333333333,1.1666666666666665,40.39075401844683,134.34366465449583,93.952910636049,0.7966902131835619
1,LEFT,64,84,127,64,84,127,2.1333333333333333,2.8,4.233333333333333,2.1,64.70628805926162,157.35346330522154,92.64717524595991,0.8878892820018032
2,LEFT,127,154,165,127,154,165,4.233333333333333,5.133333333333334,5.5,1.2666666666666666,73.1199517295052,162.7525987731778,89.63264704367259,0.9539250762034686
3,LEFT,165,186,202,165,186,202,5.5,6.2,6.733333333333333,1.2333333333333334,109.02577489214872,166.33682388504673,57.31104899289801,0.8157081196182654
4,LEFT,202,219,254,202,219,254,6.733333333333333,7.3,8.466666666666667,1.7333333333333334,71.68881348560872,172.21995542382516,100.53114193821644,0.9308220056387095
5,LEFT,254,287,298,254,287,298,8.466666666666667,9.566666666666666,9.933333333333334,1.4666666666666668,65.04566911882954,162.14408267037152,97.09841355154198,0.9616440393306591
6,LEFT,298,310,345,298,310,345,9.933333333333334,10.333333333333334,11.5,1.5666666666666664,45.7044720419275,162.0665149118855,116.36204286995799,0.8327507831984097
7,LEFT,345,363,400,345,363,400,11.5,12.1,13.333333333333334,1.833333333333334,69.38619894602517,166.1399043511197,96.75370540509452,0.9122760369453901
