rep_id,side,start_idx,peak_idx,end_idx,start_frame,peak_frame,end_frame,start_time,peak_time,end_time,rep_duration,rom_deg,elbow_start_deg,elbow_peak_deg,mean_vis_arm
0,LEFT,170,198,263,170,198,263,5.666666666666667,6.6,8.766666666666667,3.1000000000000005,171.06780185096918,178.73854250459593,7.670740653626762,0.982911819050498
1,LEFT,263,322,328,263,322,328,8.766666666666667,10.733333333333333,10.933333333333334,2.166666666666666,105.20501136645503,176.85684749846274,71.65183613200772,0.9734362493259737
2,LEFT,328,376,432,328,376,432,10.933333333333334,12.533333333333331,14.4,3.466666666666667,61.899617925401415,72.02166344743863,10.122045522037213,0.987475241555108
3,LEFT,432,454,497,432,454,497,14.4,15.133333333333333,16.566666666666666,2.166666666666666,161.86452954593827,174.3117702777067,12.447240731768439,0.9855677262701171
