rep_id,side,start_idx,peak_idx,end_idx,start_frame,peak_frame,end_frame,start_time,peak_time,end_time,rep_duration,rom_deg,elbow_start_deg,elbow_peak_deg,mean_vis_arm
0,RIGHT,90,127,169,90,127,169,3.0,4.233333333333333,5.633333333333334,2.6333333333333337,103.70925968213714,133.5858031182536,29.876543436116467,0.9945499802629152
1,RIGHT,169,213,265,169,213,265,5.633333333333334,7.1,8.833333333333334,3.2,110.13571949446113,127.90180436066302,17.76608486620189,0.9940781249213466
2,RIGHT,265,303,347,265,303,347,8.833333333333334,10.1,11.566666666666666,2.7333333333333325,113.90697525602145,133.67805596901403,19.77108071299257,0.9954571283485996
3,RIGHT,347,386,429,347,386,429,11.566666666666666,12.866666666666667,14.3,2.7333333333333343,114.84284037017854,133.289851363721,18.447010993542463,0.9948814951751128
4,RIGHT,429,467,512,429,467,512,14.3,15.566666666666666,17.066666666666666,2.7666666666666657,110.38403729262455,137.12422455256348,26.740187259938917,0.9940234458162669
5,RIGHT,512,553,595,512,553,595,17.066666666666666,18.433333333333334,19.83333333333333,2.766666666666662,105.88847023316744,131.35356197696905,25.465091743801608,0.9938840066629743
6,RIGHT,595,634,676,595,634,676,19.83333333333333,21.133333333333333,22.53333333333333,2.700000000000003,113.29968123249579,128.29770621105328,14.998024978557494,0.9943067659207477
7,RIGHT,676,721,760,676,721,760,22.53333333333333,24.03333333333333,25.33333333333333,2.799999999999997,119.31225918669811,130.7779933420246,11.465734155326471,0.9928818588163337
8,RIGHT,760,799,837,760,799,837,25.33333333333333,26.633333333333333,27.9,2.56666666666667,109.54056124340028,128.25662185496802,18.71606061156774,0.9947194268560816
