rep_id,side,start_idx,peak_idx,end_idx,start_frame,peak_frame,end_frame,start_time,peak_time,end_time,rep_duration,rom_deg,elbow_start_deg,elbow_peak_deg,mean_vis_arm
0,LEFT,78,103,139,78,103,139,2.6,3.433333333333333,4.633333333333334,2.0333333333333337,88.56210424969527,166.78603021317312,78.22392596347785,0.9198203593172053
1,LEFT,139,166,196,139,166,196,4.633333333333334,5.533333333333333,6.533333333333333,1.8999999999999995,95.57956699702883,165.10853680331113,69.52896980628229,0.9291282895652726
2,LEFT,196,232,272,196,232,272,6.533333333333333,7.733333333333333,9.066666666666666,2.533333333333333,82.23432257527652,166.14315965236662,83.9088370770901,0.9240356304428794
3,LEFT,272,314,349,272,314,349,9.066666666666666,10.466666666666669,11.633333333333333,2.5666666666666664,40.69025656090399,166.13479233692524,125.44453577602125,0.8669600583549237
4,LEFT,349,421,466,349,421,466,11.633333333333333,14.033333333333331,15.533333333333331,3.8999999999999986,139.98849985488334,172.44300858050187,32.45450872561853,0.9663738807042439
