rep_id,side,start_idx,peak_idx,end_idx,start_frame,peak_frame,end_frame,start_time,peak_time,end_time,rep_duration,rom_deg,elbow_start_deg,elbow_peak_deg,mean_vis_arm
0,LEFT,57,93,118,57,93,118,1.9,3.1,3.933333333333333,2.033333333333333,71.41195825401283,102.8691622675427,31.457204013529875,0.9794251684860517
1,LEFT,118,147,179,118,147,179,3.933333333333333,4.9,5.966666666666667,2.0333333333333337,71.83457355229045,105.2604334309815,33.42585987869104,0.9870104379551384
2,LEFT,179,225,254,179,225,254,5.966666666666667,7.5,8.466666666666667,2.5,84.10353222350336,108.61491958068287,24.511387357179498,0.9880931876730501
3,LEFT,275,323,363,275,323,363,9.166666666666666,10.766666666666667,12.1,2.9333333333333336,81.23651966252233,103.92585068374568,22.68933102122335,0.9867817558599323
4,LEFT,363,403,434,363,403,434,12.1,13.433333333333334,14.466666666666669,2.366666666666669,87.15260789936913,113.26345791240702,26.110850013037886,0.9858127804817975
