rep_id,side,start_idx,peak_idx,end_idx,start_frame,peak_frame,end_frame,start_time,peak_time,end_time,rep_duration,rom_deg,elbow_start_deg,elbow_peak_deg,mean_vis_arm
0,LEFT,108,163,220,108,163,220,3.6,5.433333333333334,7.333333333333333,3.733333333333333,167.29796341332653,172.3794412369434,5.0814778236168685,0.9971119446740391
1,LEFT,220,286,297,220,286,297,7.333333333333333,9.533333333333331,9.9,2.5666666666666673,164.8377741657322,172.08360442834316,7.2458302626109425,0.9967709759361723
2,LEFT,353,416,422,353,416,422,11.766666666666667,13.866666666666667,14.066666666666666,2.299999999999999,165.68719097353184,171.7892496333291,6.102058659797246,0.9980531675474986
