rep_id,side,start_idx,peak_idx,end_idx,start_frame,peak_frame,end_frame,start_time,peak_time,end_time,rep_duration,rom_deg,elbow_start_deg,elbow_peak_deg,mean_vis_arm
0,RIGHT,28,64,75,28,64,75,0.9333333333333332,2.1333333333333333,2.5,1.5666666666666669,159.78904834626323,168.82514730950808,9.036098963244841,0.9913324175609484
1,RIGHT,132,146,161,132,146,161,4.4,4.866666666666666,5.366666666666666,0.9666666666666659,150.90059949390712,167.73017914410406,16.829579650196937,0.9943430092599657
2,RIGHT,161,174,191,161,174,191,5.366666666666666,5.8,6.366666666666666,1.0,158.377447794034,164.7090114437426,6.331563649708619,0.9939418967052172
3,RIGHT,191,242,296,191,242,296,6.366666666666666,8.066666666666666,9.866666666666667,3.500000000000001,164.6485553710555,168.77032724509297,4.121771874037475,0.9936674771443852
4,RIGHT,296,314,330,296,314,330,9.866666666666667,10.466666666666669,11.0,1.1333333333333329,160.1453240233865,169.68156619772364,9.536242174337131,0.9947240591049195
5,RIGHT,330,344,359,330,344,359,11.0,11.466666666666669,11.966666666666669,0.9666666666666686,154.82463086280083,166.3801588198513,11.555527957050446,0.9945726248953078
