rep_id,side,start_idx,peak_idx,end_idx,start_frame,peak_frame,end_frame,start_time,peak_time,end_time,rep_duration,rom_deg,elbow_start_deg,elbow_peak_deg,mean_vis_arm
0,RIGHT,109,148,169,109,148,169,3.633333333333333,4.933333333333334,5.633333333333334,2.000000000000001,115.57775470832455,160.0701024096806,44.49234770135605,0.9673829958087109
1,RIGHT,229,268,294,229,268,294,7.633333333333334,8.933333333333334,9.8,2.166666666666667,134.57954305191424,161.6572842854215,27.077741233507265,0.9681090667392268
2,RIGHT,338,380,402,338,380,402,11.266666666666667,12.666666666666666,13.4,2.133333333333333,114.41634619663093,148.37748353063097,33.96113733400004,0.962325770732684
3,RIGHT,468,517,539,468,517,539,15.6,17.233333333333334,17.966666666666665,2.3666666666666654,116.24442011632625,157.49489259631957,41.25047247999332,0.9704071501338924
4,RIGHT,610,673,701,610,673,701,20.33333333333333,22.433333333333334,23.366666666666667,3.0333333333333385,118.61889767663627,160.05166521819748,41.43276754156122,0.9617772007334059
5,RIGHT,870,881,891,870,881,891,29.0,29.366666666666667,29.7,0.6999999999999993,55.73301934342957,90.88037743608194,35.147358092652375,0.8810412269650083
6,RIGHT,1021,1107,1116,1021,1107,1116,34.03333333333333,36.9,37.2,3.1666666666666714,28.975380869988356,149.62728529804124,120.65190442805289,0.9961645654920074
