rep_id,side,start_idx,peak_idx,end_idx,start_frame,peak_frame,end_frame,start_time,peak_time,end_time,rep_duration,rom_deg,elbow_start_deg,elbow_peak_deg,mean_vis_arm
0,RIGHT,41,58,78,41,58,78,1.3666666666666667,1.9333333333333331,2.6,1.2333333333333334,129.69446404802477,161.51818870635793,31.823724658333152,0.9865527639263555
1,RIGHT,78,92,114,78,92,114,2.6,3.066666666666667,3.8,1.1999999999999997,117.72505091101854,160.44382403796084,42.7187731269423,0.9881002328417321
2,RIGHT,114,134,155,114,134,155,3.8,4.466666666666667,5.166666666666667,1.3666666666666671,70.28646187153255,162.48225473202706,92.1957928604945,0.986192153086738
3,RIGHT,155,176,206,155,176,206,5.166666666666667,5.866666666666666,6.866666666666666,1.6999999999999993,93.51927098079578,164.7790081172518,71.25973713645602,0.9822670416190076
4,RIGHT,206,235,267,206,235,267,6.866666666666666,7.833333333333333,8.9,2.033333333333334,133.30005635081983,165.5981745939407,32.298118243120896,0.9882284024710297
5,RIGHT,267,298,326,267,298,326,8.9,9.933333333333334,10.866666666666667,1.9666666666666668,144.65764417674816,166.41755184067324,21.759907663925073,0.9813054266903135
6,RIGHT,326,349,370,326,349,370,10.866666666666667,11.633333333333333,12.333333333333334,1.4666666666666668,136.4288323608998,164.6107195320378,28.181887171137998,0.988292948404948
7,RIGHT,370,390,411,370,390,411,12.333333333333334,13.0,13.7,1.3666666666666654,160.15402031336555,164.7496578687421,4.595637555376567,0.9913879159897094
