rep_id,side,start_idx,peak_idx,end_idx,start_frame,peak_frame,end_frame,start_time,peak_time,end_time,rep_duration,rom_deg,elbow_start_deg,elbow_peak_deg,mean_vis_arm
0,LEFT,9,29,80,9,29,80,0.3,0.9666666666666668,2.6666666666666665,2.3666666666666667,85.15988873261946,128.67542262441086,43.5155338917914,0.997498032671434
1,LEFT,123,142,162,123,142,162,4.1,4.733333333333333,5.4,1.3000000000000007,53.259646175409685,104.5227919811674,51.263145805757716,0.9963586593667667
2,LEFT,162,176,193,162,176,193,5.4,5.866666666666666,6.433333333333334,1.0333333333333332,45.320801991797346,96.28854542681876,50.96774343502141,0.996727035070459
3,LEFT,193,208,235,193,208,235,6.433333333333334,6.933333333333334,7.833333333333333,1.3999999999999995,58.83913431435502,101.44634048052602,42.607206166171,0.9972626137178998
4,LEFT,235,276,282,235,276,282,7.833333333333333,9.2,9.4,1.5666666666666673,41.3152300245622,107.0538498875591,65.7386198629969,0.9979974718557464
5,LEFT,282,318,350,282,318,350,9.4,10.6,11.666666666666666,2.2666666666666657,27.87597028820783,66.6293549032266,38.75338461501877,0.9975005759709127
6,LEFT,350,366,386,350,366,386,11.666666666666666,12.2,12.866666666666667,1.200000000000001,87.40132559451382,123.2260221825362,35.824696588022384,0.9973948436814386
7,LEFT,386,405,424,386,405,424,12.866666666666667,13.5,14.133333333333333,1.2666666666666657,76.57662269879648,118.55477360664167,41.97815090784518,0.9971757413994552
