rep_id,side,start_idx,peak_idx,end_idx,start_frame,peak_frame,end_frame,start_time,peak_time,end_time,rep_duration,rom_deg,elbow_start_deg,elbow_peak_deg,mean_vis_arm
0,LEFT,273,297,302,273,297,302,9.1,9.9,10.066666666666666,0.9666666666666668,77.6775356848951,157.05192925690787,79.37439357201276,0.981956672668457
1,LEFT,421,442,450,421,442,450,14.033333333333331,14.733333333333333,15.0,0.9666666666666686,74.00356274609219,156.4377585856554,82.4341958395632,0.970092780722512
2,LEFT,577,614,621,577,614,621,19.23333333333333,20.466666666666665,20.7,1.4666666666666686,81.37267577073236,160.71030240848916,79.3376266377568,0.9759624454710217
3,LEFT,714,781,791,714,781,791,23.8,26.03333333333333,26.366666666666667,2.5666666666666664,85.77018723867663,166.9637500724708,81.19356283379416,0.9517615205711789
4,LEFT,907,943,953,907,943,953,30.23333333333333,31.433333333333334,31.766666666666666,1.533333333333335,78.72503853955432,160.38894478630502,81.6639062467507,0.9637733334345175
