rep_id,side,start_idx,peak_idx,end_idx,start_frame,peak_frame,end_frame,start_time,peak_time,end_time,rep_duration,rom_deg,elbow_start_deg,elbow_peak_deg,mean_vis_arm
0,LEFT,36,68,99,36,68,99,1.2,2.2666666666666666,3.3,2.0999999999999996,100.99520754782438,140.17547105182535,39.18026350400097,0.9849200708170731
1,LEFT,99,127,160,99,127,160,3.3,4.233333333333333,5.333333333333333,2.033333333333333,94.15650287310146,135.66475291874906,41.50825004564761,0.9904428159677855
2,LEFT,160,187,220,160,187,220,5.333333333333333,6.233333333333333,7.333333333333333,2.0,95.13783019589854,134.10495469331812,38.967124497419576,0.9901114783651841
3,LEFT,220,250,281,220,250,281,7.333333333333333,8.333333333333334,9.366666666666667,2.033333333333334,81.45650064314734,131.40048662094816,49.94398597780083,0.9864141216842078
4,LEFT,281,311,344,281,311,344,9.366666666666667,10.366666666666667,11.466666666666669,2.1000000000000014,92.62448200474111,126.63762769813992,34.013145693398805,0.9829969359561801
5,LEFT,344,374,403,344,374,403,11.466666666666669,12.466666666666669,13.433333333333334,1.966666666666665,86.8281777728719,131.67480294746198,44.84662517459008,0.9855821030007468
