rep_id,side,start_idx,peak_idx,end_idx,start_frame,peak_frame,end_frame,start_time,peak_time,end_time,rep_duration,rom_deg,elbow_start_deg,elbow_peak_deg,mean_vis_arm
0,RIGHT,85,117,163,85,117,163,2.833333333333333,3.9,5.433333333333334,2.6000000000000005,98.38074060185527,173.99595202993024,75.61521142807497,0.9268314232303119
1,RIGHT,163,196,220,163,196,220,5.433333333333334,6.533333333333333,7.333333333333333,1.8999999999999995,89.35008958241929,162.66209461996866,73.31200503754937,0.9485011439898918
2,RIGHT,245,273,298,245,273,298,8.166666666666666,9.1,9.933333333333334,1.7666666666666675,81.98750527268199,162.7918258551026,80.8043205824206,0.9487268383856173
3,RIGHT,321,347,349,321,347,349,10.7,11.566666666666666,11.633333333333333,0.9333333333333336,28.17641025275657,160.3853222018145,132.20891194905792,0.9058021169969407
4,RIGHT,393,434,467,393,434,467,13.1,14.466666666666669,15.566666666666666,2.466666666666667,144.2494160438365,177.37822196660733,33.12880592277081,0.978223849137624
5,RIGHT,535,564,590,535,564,590,17.833333333333332,18.8,19.666666666666668,1.8333333333333357,26.03002396476721,141.3798680906432,115.349844125876,0.9215459137592675
