rep_id,side,start_idx,peak_idx,end_idx,start_frame,peak_frame,end_frame,start_time,peak_time,end_time,rep_duration,rom_deg,elbow_start_deg,elbow_peak_deg,mean_vis_arm
0,LEFT,24,48,90,24,48,90,0.8,1.6,3.0,2.2,82.51668489892813,129.93390069330178,47.417215794373654,0.9967747965262304
1,LEFT,90,119,170,90,119,170,3.0,3.966666666666667,5.666666666666667,2.666666666666667,60.72261048856214,102.6011397307046,41.87852924214246,0.9969577499868447
