rep_id,side,start_idx,peak_idx,end_idx,start_frame,peak_frame,end_frame,start_time,peak_time,end_time,rep_duration,rom_deg,elbow_start_deg,elbow_peak_deg,mean_vis_arm
0,LEFT,70,101,130,70,101,130,2.333333333333333,3.3666666666666667,4.333333333333333,2.0,105.17733581858414,114.18476468229777,9.007428863713628,0.9981169703879642
1,LEFT,130,163,194,130,163,194,4.333333333333333,5.433333333333334,6.466666666666667,2.1333333333333337,100.4275565443353,114.20143681802973,13.77388027369443,0.9983660086607323
2,LEFT,194,227,257,194,227,257,6.466666666666667,7.566666666666666,8.566666666666666,2.0999999999999996,98.2290929039421,109.85863082868865,11.629537924746542,0.9980852489049237
3,LEFT,257,294,326,257,294,326,8.566666666666666,9.8,10.866666666666667,2.3000000000000007,108.39552600716904,114.81211113002377,6.416585122854733,0.9981507068588621
4,LEFT,326,367,403,326,367,403,10.866666666666667,12.233333333333333,13.433333333333334,2.5666666666666664,105.35277629767205,114.94579072177785,9.593014424105796,0.9982857941052851
5,LEFT,403,447,483,403,447,483,13.433333333333334,14.9,16.1,2.666666666666668,103.22781413019612,115.08736888081094,11.859554750614825,0.9985304580303866
