rep_id,side,start_idx,peak_idx,end_idx,start_frame,peak_frame,end_frame,start_time,peak_time,end_time,rep_duration,rom_deg,elbow_start_deg,elbow_peak_deg,mean_vis_arm
0,RIGHT,111,158,164,111,158,164,3.7,5.266666666666667,5.466666666666667,1.7666666666666666,170.90088216382898,173.82288963971877,2.9220074758897927,0.9980921336898096
1,RIGHT,234,302,361,234,302,361,7.8,10.066666666666666,12.033333333333331,4.233333333333332,172.2998442022823,174.85972708272303,2.5598828804407474,0.9980545703632137
