rep_id,side,start_idx,peak_idx,end_idx,start_frame,peak_frame,end_frame,start_time,peak_time,end_time,rep_duration,rom_deg,elbow_start_deg,elbow_peak_deg,mean_vis_arm
0,LEFT,62,111,117,62,111,117,2.066666666666667,3.7,3.9,1.833333333333333,66.2535005504183,166.30721289445646,100.05371234403816,0.9340706116386822
1,LEFT,117,173,229,117,173,229,3.9,5.766666666666667,7.633333333333334,3.733333333333334,29.1186477192917,100.51023947912444,71.39159175983274,0.9328981625646968
2,LEFT,229,250,270,229,250,270,7.633333333333334,8.333333333333334,9.0,1.3666666666666663,80.2299887599297,163.71094828470152,83.48095952477182,0.9204222015918245
3,LEFT,270,290,310,270,290,310,9.0,9.666666666666666,10.333333333333334,1.333333333333334,71.67082880221268,166.47076189323286,94.79993309102018,0.9190857434660438
4,LEFT,310,329,353,310,329,353,10.333333333333334,10.966666666666669,11.766666666666667,1.4333333333333336,32.45131090126574,163.27633485801252,130.82502395674678,0.8794812609752019
5,LEFT,353,392,497,353,392,497,11.766666666666667,13.066666666666666,16.566666666666666,4.799999999999999,141.04227933446373,173.90447653724434,32.86219720278061,0.9786724404356945
6,LEFT,583,633,651,583,633,651,19.433333333333334,21.1,21.7,2.2666666666666657,47.25745136786729,161.92551754594675,114.66806617807946,0.9579921312954115
7,LEFT,733,757,777,733,757,777,24.433333333333334,25.23333333333333,25.9,1.466666666666665,61.200800648057324,133.67646527109306,72.47566462303574,0.8121172609152617
