rep_id,side,start_idx,peak_idx,end_idx,start_frame,peak_frame,end_frame,start_time,peak_time,end_time,rep_duration,rom_deg,elbow_start_deg,elbow_peak_deg,mean_vis_arm
0,RIGHT,56,111,116,56,111,116,1.8666666666666667,3.7,3.8666666666666663,1.9999999999999996,30.763470980594818,158.15185178437233,127.38838080377751,0.6997863216532602
1,RIGHT,144,162,173,144,162,173,4.8,5.4,5.766666666666667,0.9666666666666668,55.92896636594334,163.57816519159306,107.64919882564972,0.8638161268499162
2,RIGHT,173,196,241,173,196,241,5.766666666666667,6.533333333333333,8.033333333333333,2.2666666666666666,52.57014422219467,160.38033663922306,107.81019241702839,0.8374234855462964
