rep_id,side,start_idx,peak_idx,end_idx,start_frame,peak_frame,end_frame,start_time,peak_time,end_time,rep_duration,rom_deg,elbow_start_deg,elbow_peak_deg,mean_vis_arm
0,RIGHT,50,86,100,50,86,100,1.6666666666666667,2.8666666666666667,3.333333333333333,1.6666666666666663,137.32843866919933,141.55084454574072,4.222405876541389,0.9845386521489012
1,RIGHT,208,230,250,208,230,250,6.933333333333334,7.666666666666667,8.333333333333334,1.4000000000000004,137.39433959547742,142.9818001704643,5.5874605749869,0.9903661710347317
2,RIGHT,250,266,282,250,266,282,8.333333333333334,8.866666666666667,9.4,1.0666666666666664,131.70639201851665,138.06284332663324,6.356451308116603,0.9893221548109343
3,RIGHT,282,297,313,282,297,313,9.4,9.9,10.433333333333334,1.0333333333333332,128.17748089667725,133.96753746800854,5.790056571331289,0.9858738320569198
4,RIGHT,313,331,352,313,331,352,10.433333333333334,11.033333333333331,11.733333333333333,1.299999999999999,128.55458111255192,132.46409310427686,3.90951199172494,0.9832834909359616
5,RIGHT,352,379,386,352,379,386,11.733333333333333,12.633333333333333,12.866666666666667,1.1333333333333346,135.836970917137,139.77825699509174,3.941286077954746,0.9870245252336775
6,RIGHT,509,541,565,509,541,565,16.966666666666665,18.03333333333333,18.83333333333333,1.8666666666666636,132.01794526046265,139.07587606910545,7.057930808642781,0.9891573473026878
7,RIGHT,565,586,604,565,586,604,18.83333333333333,19.53333333333333,20.133333333333333,1.3000000000000043,128.0797197170244,138.24510855425208,10.165388837227669,0.9908816422025362
8,RIGHT,604,625,647,604,625,647,20.133333333333333,20.83333333333333,21.566666666666663,1.43333333333333,136.69944581195256,142.82222667112194,6.122780859169378,0.9908870539881967
