rep_id,side,start_idx,peak_idx,end_idx,start_frame,peak_frame,end_frame,start_time,peak_time,end_time,rep_duration,rom_deg,elbow_start_deg,elbow_peak_deg,mean_vis_arm
0,RIGHT,7,32,75,7,32,75,0.2333333333333333,1.0666666666666669,2.5,2.2666666666666666,161.82346983835598,172.09456424046758,10.271094402111592,0.9944638745220388
1,RIGHT,107,141,158,107,141,158,3.566666666666667,4.7,5.266666666666667,1.6999999999999997,156.58204499977307,167.03679332922397,10.454748329450881,0.9924220721691083
2,RIGHT,158,171,185,158,171,185,5.266666666666667,5.7,6.166666666666667,0.9000000000000004,155.3691059399926,162.81880294026752,7.449697000274913,0.9954786917993002
3,RIGHT,185,198,214,185,198,214,6.166666666666667,6.6,7.133333333333334,0.9666666666666668,155.13276519635536,159.412312882287,4.279547685931655,0.9945320188999176
4,RIGHT,214,239,272,214,239,272,7.133333333333334,7.966666666666667,9.066666666666666,1.9333333333333327,157.24187471946968,163.0088087740101,5.766934054540427,0.9978792815558655
5,RIGHT,323,346,363,323,346,363,10.766666666666667,11.533333333333331,12.1,1.3333333333333321,159.22830704105098,168.21926700731657,8.990959966265603,0.9958223177165518
6,RIGHT,363,376,390,363,376,390,12.1,12.533333333333331,13.0,0.9000000000000004,154.78053178868348,163.27508747298864,8.494555684305167,0.9954804402022136
7,RIGHT,390,405,424,390,405,424,13.0,13.5,14.133333333333333,1.1333333333333329,155.71748692190158,161.25018060924734,5.532693687345751,0.9953760669344947
