rep_id,side,start_idx,peak_idx,end_idx,start_frame,peak_frame,end_frame,start_time,peak_time,end_time,rep_duration,rom_deg,elbow_start_deg,elbow_peak_deg,mean_vis_arm
0,RIGHT,70,101,131,70,101,131,2.333333333333333,3.3666666666666667,4.366666666666666,2.033333333333333,101.9871865690326,111.72194321822431,9.734756649191715,0.9972561854188162
1,RIGHT,131,163,193,131,163,193,4.366666666666666,5.433333333333334,6.433333333333334,2.0666666666666673,103.00861205441167,113.83471231117855,10.82610025676688,0.9971485383926876
2,RIGHT,193,227,257,193,227,257,6.433333333333334,7.566666666666666,8.566666666666666,2.133333333333333,90.4244671468996,105.18518892611664,14.760721779217034,0.9973004701810004
3,RIGHT,257,293,327,257,293,327,8.566666666666666,9.766666666666667,10.9,2.333333333333334,93.63693913347834,109.38775927257986,15.750820139101528,0.9968768993453802
4,RIGHT,327,367,402,327,367,402,10.9,12.233333333333333,13.4,2.5,96.95223361689693,111.91781678233275,14.965583165435818,0.9962759768230874
5,RIGHT,402,448,482,402,448,482,13.4,14.933333333333334,16.066666666666666,2.666666666666666,104.34404467547989,115.63294750278054,11.288902827300646,0.9957372354872432
