rep_id,side,start_idx,peak_idx,end_idx,start_frame,peak_frame,end_frame,start_time,peak_time,end_time,rep_duration,rom_deg,elbow_start_deg,elbow_peak_deg,mean_vis_arm
0,LEFT,86,116,165,86,116,165,2.8666666666666667,3.8666666666666663,5.5,2.6333333333333333,89.75594495702182,167.18155740486367,77.42561244784184,0.9230199739336967
1,LEFT,165,195,232,165,195,232,5.5,6.5,7.733333333333333,2.2333333333333334,96.2436625199461,166.304874006047,70.06121148610089,0.9275114287932714
2,LEFT,232,273,314,232,273,314,7.733333333333333,9.1,10.466666666666669,2.733333333333335,86.52239662398344,167.09867268276165,80.5762760587782,0.924127327869216
3,LEFT,314,349,393,314,349,393,10.466666666666669,11.633333333333333,13.1,2.633333333333331,53.31257771250442,163.98460971162785,110.67203199912343,0.8777362843354544
4,LEFT,393,435,466,393,435,466,13.1,14.5,15.533333333333331,2.433333333333332,138.58519427195168,174.11258878085596,35.52739450890429,0.967587410061209
