rep_id,side,start_idx,peak_idx,end_idx,start_frame,peak_frame,end_frame,start_time,peak_time,end_time,rep_duration,rom_deg,elbow_start_deg,elbow_peak_deg,mean_vis_arm
0,RIGHT,76,105,140,76,105,140,2.533333333333333,3.5,4.666666666666667,2.1333333333333337,135.11072454498344,140.65213484077873,5.5414102957952736,0.9895221004119286
1,RIGHT,140,167,200,140,167,200,4.666666666666667,5.566666666666666,6.666666666666667,2.0,132.99509709491807,139.17068770502988,6.175590610111803,0.9900266521615408
2,RIGHT,200,233,264,200,233,264,6.666666666666667,7.766666666666667,8.8,2.1333333333333337,134.4728499151691,139.91652898174644,5.443679066577346,0.9884351568344313
3,RIGHT,264,291,328,264,291,328,8.8,9.7,10.933333333333334,2.133333333333333,137.32787167076083,140.5419476709844,3.2140760002235624,0.9869474404897447
4,RIGHT,328,356,391,328,356,391,10.933333333333334,11.866666666666667,13.033333333333331,2.099999999999998,135.30059229868135,139.9667684029353,4.666176104253943,0.9842550323034327
5,RIGHT,391,423,461,391,423,461,13.033333333333331,14.1,15.366666666666667,2.3333333333333357,139.36622026215593,143.5846623417688,4.218442079612857,0.9875089727656944
6,RIGHT,461,491,533,461,491,533,15.366666666666667,16.366666666666667,17.766666666666666,2.3999999999999986,134.56052848312058,138.82335647461562,4.262827991495033,0.9901406261474573
7,RIGHT,533,562,571,533,562,571,17.766666666666666,18.73333333333333,19.03333333333333,1.2666666666666657,132.59861081323422,140.0179895370591,7.419378723824891,0.9910112609211197
8,RIGHT,609,644,650,609,644,650,20.3,21.466666666666665,21.666666666666668,1.3666666666666671,137.5062186637477,145.76720238870408,8.260983724956404,0.9918869927762046
