rep_id,side,start_idx,peak_idx,end_idx,start_frame,peak_frame,end_frame,start_time,peak_time,end_time,rep_duration,rom_deg,elbow_start_deg,elbow_peak_deg,mean_vis_arm
0,LEFT,91,127,169,91,127,169,3.033333333333333,4.233333333333333,5.633333333333334,2.6000000000000005,112.39668807046223,134.9717793744929,22.57509130403068,0.9934447802571807
1,LEFT,169,213,265,169,213,265,5.633333333333334,7.1,8.833333333333334,3.2,118.27842231636626,132.41406733935153,14.135645022985274,0.996606717814285
2,LEFT,265,303,347,265,303,347,8.833333333333334,10.1,11.566666666666666,2.7333333333333325,119.39607699193397,136.6337995523395,17.237722560405533,0.9961474303260864
3,LEFT,347,386,430,347,386,430,11.566666666666666,12.866666666666667,14.333333333333334,2.7666666666666675,123.59106435085806,137.98003252270348,14.388968171845425,0.9958744907662982
4,LEFT,430,467,512,430,467,512,14.333333333333334,15.566666666666666,17.066666666666666,2.7333333333333325,115.73783375129706,139.284257343797,23.54642359249995,0.9953200704601395
5,LEFT,512,553,593,512,553,593,17.066666666666666,18.433333333333334,19.766666666666666,2.6999999999999993,113.35055922542836,136.06753069532462,22.716971469896265,0.9910151716170271
6,LEFT,593,635,676,593,635,676,19.766666666666666,21.166666666666668,22.53333333333333,2.7666666666666657,123.11356833420092,135.49547645035463,12.381908116153703,0.9950757161492393
7,LEFT,676,721,761,676,721,761,22.53333333333333,24.03333333333333,25.366666666666667,2.8333333333333357,125.13137507888985,134.45986504698752,9.328489968097669,0.9963503907355228
8,LEFT,761,800,838,761,800,838,25.366666666666667,26.666666666666668,27.933333333333334,2.5666666666666664,111.59996343132788,128.1027530755437,16.50278964421581,0.9964433449965261
