rep_id,side,start_idx,peak_idx,end_idx,start_frame,peak_frame,end_frame,start_time,peak_time,end_time,rep_duration,rom_deg,elbow_start_deg,elbow_peak_deg,mean_vis_arm
0,LEFT,420,441,453,420,441,453,14.0,14.7,15.1,1.0999999999999996,73.41415705290451,155.75455133839938,82.34039428549487,0.9725077193157347
1,LEFT,566,614,620,566,614,620,18.866666666666667,20.466666666666665,20.666666666666668,1.8000000000000007,81.67224590627521,161.6172668247151,79.9450209184399,0.972043354583509
2,LEFT,737,781,792,737,781,792,24.566666666666663,26.03333333333333,26.4,1.8333333333333357,86.3412891732662,167.40742154138346,81.06613236811725,0.9657759719661304
3,LEFT,905,944,954,905,944,954,30.166666666666668,31.466666666666665,31.8,1.6333333333333329,80.5705019344699,162.46169313370729,81.89119119923738,0.9651250338554381
