rep_id,side,start_idx,peak_idx,end_idx,start_frame,peak_frame,end_frame,start_time,peak_time,end_time,rep_duration,rom_deg,elbow_start_deg,elbow_peak_deg,mean_vis_arm
0,LEFT,70,101,130,70,101,130,2.333333333333333,3.3666666666666667,4.333333333333333,2.0,104.70398990552671,114.03906385192467,9.335073946397957,0.9981146848918311
1,LEFT,130,163,194,130,163,194,4.333333333333333,5.433333333333334,6.466666666666667,2.1333333333333337,101.54300992551518,114.84731542796932,13.30430550245414,0.9983551364678603
2,LEFT,194,227,257,194,227,257,6.466666666666667,7.566666666666666,8.566666666666666,2.0999999999999996,98.41733076385886,109.28999085216488,10.872660088306018,0.99808768928051
3,LEFT,257,294,327,257,294,327,8.566666666666666,9.8,10.9,2.333333333333334,107.83410598793412,115.39717898435225,7.5630729964181285,0.9982384328551137
4,LEFT,327,367,401,327,367,401,10.9,12.233333333333333,13.366666666666667,2.466666666666667,103.43247677385733,113.67689941086218,10.244422637004845,0.9984098913934495
5,LEFT,401,447,483,401,447,483,13.366666666666667,14.9,16.1,2.7333333333333343,104.07480402914298,116.00936484161413,11.934560812471153,0.9985333937238976
