rep_id,side,start_idx,peak_idx,end_idx,start_frame,peak_frame,end_frame,start_time,peak_time,end_time,rep_duration,rom_deg,elbow_start_deg,elbow_peak_deg,mean_vis_arm
0,RIGHT,10,38,76,10,38,76,0.3333333333333333,1.2666666666666666,2.533333333333333,2.1999999999999997,162.92107328247505,173.66116002364072,10.740086741165662,0.9952208509492636
1,RIGHT,76,107,131,76,107,131,2.533333333333333,3.566666666666667,4.366666666666666,1.833333333333333,160.22057663094947,166.41146464233614,6.190888011386686,0.997701010178952
2,RIGHT,131,162,188,131,162,188,4.366666666666666,5.4,6.266666666666667,1.9000000000000004,159.2881118549232,167.70114085235826,8.413028997435074,0.9976987290656429
3,RIGHT,188,218,245,188,218,245,6.266666666666667,7.266666666666667,8.166666666666666,1.8999999999999995,163.79599189428626,170.16510161813406,6.369109723847786,0.9971502539755284
4,RIGHT,245,274,299,245,274,299,8.166666666666666,9.133333333333333,9.966666666666669,1.8000000000000025,157.4408811476845,166.29534067042354,8.854459522739042,0.9970280947107258
5,RIGHT,299,332,355,299,332,355,9.966666666666669,11.066666666666666,11.833333333333334,1.8666666666666654,158.4751423235305,166.24208751950806,7.766945195977565,0.9970659798348855
6,RIGHT,355,382,412,355,382,412,11.833333333333334,12.733333333333333,13.733333333333333,1.8999999999999986,157.1509293451608,165.77077187377975,8.619842528618955,0.993292803736939
7,RIGHT,412,441,469,412,441,469,13.733333333333333,14.7,15.633333333333333,1.9000000000000004,151.79853243342686,162.84487422904374,11.046341795616875,0.9947870329193683
