fold,thr,acc,f1,precision,recall,roc_auc,pr_auc
1,0.1,0.8861646234676007,0.8036253776435045,0.7307692307692307,0.8926174496644296,0.9328859060402684,0.8039243809560374
2,0.5244897959183674,0.9269565217391305,0.8703703703703703,0.8103448275862069,0.94,0.973521568627451,0.9109526303722154
3,0.7204081632653062,0.944153577661431,0.8918918918918919,0.9230769230769231,0.8627450980392157,0.9744164332399626,0.9413005021433768
4,0.6061224489795919,0.9017241379310345,0.8394366197183099,0.764102564102564,0.93125,0.9471875,0.8178009522831996
5,0.6061224489795919,0.903114186851211,0.8120805369127517,0.7960526315789473,0.8287671232876712,0.9404807204464738,0.830477125355312
